year,state,state_po,office,candidate,party,candidatevotes,totalvotes,dem_share,medicaid_expansion
2001,Alabama,AL,US President,"Gore, Al",democrat,692611,1666272,0.415665029,0
2002,Alabama,AL,US President,"Gore, Al",democrat,692611,1666272,0.415665029,0
2003,Alabama,AL,US President,"Gore, Al",democrat,692611,1666272,0.415665029,0
2004,Alabama,AL,US President,"Kerry, John",democrat,693933,1883415,0.368444023,0
2005,Alabama,AL,US President,"Kerry, John",democrat,693933,1883415,0.368444023,0
2006,Alabama,AL,US President,"Kerry, John",democrat,693933,1883415,0.368444023,0
2007,Alabama,AL,US President,"Kerry, John",democrat,693933,1883415,0.368444023,0
2008,Alabama,AL,US President,"Obama, Barack H.",democrat,813479,2099819,0.387404343,0
2009,Alabama,AL,US President,"Obama, Barack H.",democrat,813479,2099819,0.387404343,0
2010,Alabama,AL,US President,"Obama, Barack H.",democrat,813479,2099819,0.387404343,0
2011,Alabama,AL,US President,"Obama, Barack H.",democrat,813479,2099819,0.387404343,0
2012,Alabama,AL,US President,"Obama, Barack H.",democrat,795696,2074338,0.383590331,0
2013,Alabama,AL,US President,"Obama, Barack H.",democrat,795696,2074338,0.383590331,0
2014,Alabama,AL,US President,"Obama, Barack H.",democrat,795696,2074338,0.383590331,0
2015,Alabama,AL,US President,"Obama, Barack H.",democrat,795696,2074338,0.383590331,0
2016,Alabama,AL,US President,"Clinton, Hillary",democrat,729547,2123372,0.343579458,0
2017,Alabama,AL,US President,"Clinton, Hillary",democrat,729547,2123372,0.343579458,0
2018,Alabama,AL,US President,"Clinton, Hillary",democrat,729547,2123372,0.343579458,0
2001,Alaska,AK,US President,"Gore, Al",democrat,79004,285560,0.276663398,0
2002,Alaska,AK,US President,"Gore, Al",democrat,79004,285560,0.276663398,0
2003,Alaska,AK,US President,"Gore, Al",democrat,79004,285560,0.276663398,0
2004,Alaska,AK,US President,"Kerry, John",democrat,111025,312598,0.355168619,0
2005,Alaska,AK,US President,"Kerry, John",democrat,111025,312598,0.355168619,0
2006,Alaska,AK,US President,"Kerry, John",democrat,111025,312598,0.355168619,0
2007,Alaska,AK,US President,"Kerry, John",democrat,111025,312598,0.355168619,0
2008,Alaska,AK,US President,"Obama, Barack H.",democrat,123594,326197,0.378893736,0
2009,Alaska,AK,US President,"Obama, Barack H.",democrat,123594,326197,0.378893736,0
2010,Alaska,AK,US President,"Obama, Barack H.",democrat,123594,326197,0.378893736,0
2011,Alaska,AK,US President,"Obama, Barack H.",democrat,123594,326197,0.378893736,0
2012,Alaska,AK,US President,"Obama, Barack H.",democrat,122640,300495,0.408126591,0
2013,Alaska,AK,US President,"Obama, Barack H.",democrat,122640,300495,0.408126591,0
2014,Alaska,AK,US President,"Obama, Barack H.",democrat,122640,300495,0.408126591,0
2015,Alaska,AK,US President,"Obama, Barack H.",democrat,122640,300495,0.408126591,1
2016,Alaska,AK,US President,"Clinton, Hillary",democrat,116454,318608,0.365508713,1
2017,Alaska,AK,US President,"Clinton, Hillary",democrat,116454,318608,0.365508713,1
2018,Alaska,AK,US President,"Clinton, Hillary",democrat,116454,318608,0.365508713,1
2001,Arizona,AZ,US President,"Gore, Al",democrat,685341,1532016,0.44734585,0
2002,Arizona,AZ,US President,"Gore, Al",democrat,685341,1532016,0.44734585,0
2003,Arizona,AZ,US President,"Gore, Al",democrat,685341,1532016,0.44734585,0
2004,Arizona,AZ,US President,"Kerry, John",democrat,893524,2012585,0.443968329,0
2005,Arizona,AZ,US President,"Kerry, John",democrat,893524,2012585,0.443968329,0
2006,Arizona,AZ,US President,"Kerry, John",democrat,893524,2012585,0.443968329,0
2007,Arizona,AZ,US President,"Kerry, John",democrat,893524,2012585,0.443968329,0
2008,Arizona,AZ,US President,"Obama, Barack H.",democrat,1034707,2293475,0.451152509,0
2009,Arizona,AZ,US President,"Obama, Barack H.",democrat,1034707,2293475,0.451152509,0
2010,Arizona,AZ,US President,"Obama, Barack H.",democrat,1034707,2293475,0.451152509,0
2011,Arizona,AZ,US President,"Obama, Barack H.",democrat,1034707,2293475,0.451152509,0
2012,Arizona,AZ,US President,"Obama, Barack H.",democrat,1025232,2299254,0.445897669,0
2013,Arizona,AZ,US President,"Obama, Barack H.",democrat,1025232,2299254,0.445897669,0
2014,Arizona,AZ,US President,"Obama, Barack H.",democrat,1025232,2299254,0.445897669,1
2015,Arizona,AZ,US President,"Obama, Barack H.",democrat,1025232,2299254,0.445897669,1
2016,Arizona,AZ,US President,"Clinton, Hillary",democrat,1161167,2573165,0.451260218,1
2017,Arizona,AZ,US President,"Clinton, Hillary",democrat,1161167,2573165,0.451260218,1
2018,Arizona,AZ,US President,"Clinton, Hillary",democrat,1161167,2573165,0.451260218,1
2001,Arkansas,AR,US President,"Gore, Al",democrat,422768,921781,0.458642563,0
2002,Arkansas,AR,US President,"Gore, Al",democrat,422768,921781,0.458642563,0
2003,Arkansas,AR,US President,"Gore, Al",democrat,422768,921781,0.458642563,0
2004,Arkansas,AR,US President,"Kerry, John",democrat,469953,1054945,0.445476304,0
2005,Arkansas,AR,US President,"Kerry, John",democrat,469953,1054945,0.445476304,0
2006,Arkansas,AR,US President,"Kerry, John",democrat,469953,1054945,0.445476304,0
2007,Arkansas,AR,US President,"Kerry, John",democrat,469953,1054945,0.445476304,0
2008,Arkansas,AR,US President,"Obama, Barack H.",democrat,422310,1086617,0.388646598,0
2009,Arkansas,AR,US President,"Obama, Barack H.",democrat,422310,1086617,0.388646598,0
2010,Arkansas,AR,US President,"Obama, Barack H.",democrat,422310,1086617,0.388646598,0
2011,Arkansas,AR,US President,"Obama, Barack H.",democrat,422310,1086617,0.388646598,0
2012,Arkansas,AR,US President,"Obama, Barack H.",democrat,394409,1069468,0.368789903,0
2013,Arkansas,AR,US President,"Obama, Barack H.",democrat,394409,1069468,0.368789903,0
2014,Arkansas,AR,US President,"Obama, Barack H.",democrat,394409,1069468,0.368789903,1
2015,Arkansas,AR,US President,"Obama, Barack H.",democrat,394409,1069468,0.368789903,1
2016,Arkansas,AR,US President,"Clinton, Hillary",democrat,380494,1130635,0.336531241,1
2017,Arkansas,AR,US President,"Clinton, Hillary",democrat,380494,1130635,0.336531241,1
2018,Arkansas,AR,US President,"Clinton, Hillary",democrat,380494,1130635,0.336531241,1
2001,California,CA,US President,"Gore, Al",democrat,5861203,10965822,0.534497368,0
2002,California,CA,US President,"Gore, Al",democrat,5861203,10965822,0.534497368,0
2003,California,CA,US President,"Gore, Al",democrat,5861203,10965822,0.534497368,0
2004,California,CA,US President,"Kerry, John",democrat,6745485,12421353,0.543055575,0
2005,California,CA,US President,"Kerry, John",democrat,6745485,12421353,0.543055575,0
2006,California,CA,US President,"Kerry, John",democrat,6745485,12421353,0.543055575,0
2007,California,CA,US President,"Kerry, John",democrat,6745485,12421353,0.543055575,0
2008,California,CA,US President,"Obama, Barack H.",democrat,8274473,13561900,0.610126383,0
2009,California,CA,US President,"Obama, Barack H.",democrat,8274473,13561900,0.610126383,0
2010,California,CA,US President,"Obama, Barack H.",democrat,8274473,13561900,0.610126383,0
2011,California,CA,US President,"Obama, Barack H.",democrat,8274473,13561900,0.610126383,0
2012,California,CA,US President,"Obama, Barack H.",democrat,7854285,13038547,0.602389591,0
2013,California,CA,US President,"Obama, Barack H.",democrat,7854285,13038547,0.602389591,0
2014,California,CA,US President,"Obama, Barack H.",democrat,7854285,13038547,0.602389591,1
2015,California,CA,US President,"Obama, Barack H.",democrat,7854285,13038547,0.602389591,1
2016,California,CA,US President,"Clinton, Hillary",democrat,8753788,14181595,0.617263996,1
2017,California,CA,US President,"Clinton, Hillary",democrat,8753788,14181595,0.617263996,1
2018,California,CA,US President,"Clinton, Hillary",democrat,8753788,14181595,0.617263996,1
2001,Colorado,CO,US President,"Gore, Al",democrat,738227,1741368,0.42393509,0
2002,Colorado,CO,US President,"Gore, Al",democrat,738227,1741368,0.42393509,0
2003,Colorado,CO,US President,"Gore, Al",democrat,738227,1741368,0.42393509,0
2004,Colorado,CO,US President,"Kerry, John",democrat,1001732,2129630,0.470378423,0
2005,Colorado,CO,US President,"Kerry, John",democrat,1001732,2129630,0.470378423,0
2006,Colorado,CO,US President,"Kerry, John",democrat,1001732,2129630,0.470378423,0
2007,Colorado,CO,US President,"Kerry, John",democrat,1001732,2129630,0.470378423,0
2008,Colorado,CO,US President,"Obama, Barack H.",democrat,1288576,2401361,0.536602368,0
2009,Colorado,CO,US President,"Obama, Barack H.",democrat,1288576,2401361,0.536602368,0
2010,Colorado,CO,US President,"Obama, Barack H.",democrat,1288576,2401361,0.536602368,0
2011,Colorado,CO,US President,"Obama, Barack H.",democrat,1288576,2401361,0.536602368,0
2012,Colorado,CO,US President,"Obama, Barack H.",democrat,1323101,2569516,0.514922266,0
2013,Colorado,CO,US President,"Obama, Barack H.",democrat,1323101,2569516,0.514922266,0
2014,Colorado,CO,US President,"Obama, Barack H.",democrat,1323101,2569516,0.514922266,1
2015,Colorado,CO,US President,"Obama, Barack H.",democrat,1323101,2569516,0.514922266,1
2016,Colorado,CO,US President,"Clinton, Hillary",democrat,1338870,2780220,0.481569804,1
2017,Colorado,CO,US President,"Clinton, Hillary",democrat,1338870,2780220,0.481569804,1
2018,Colorado,CO,US President,"Clinton, Hillary",democrat,1338870,2780220,0.481569804,1
2001,Connecticut,CT,US President,"Gore, Al",democrat,816015,1459525,0.559096281,0
2002,Connecticut,CT,US President,"Gore, Al",democrat,816015,1459525,0.559096281,0
2003,Connecticut,CT,US President,"Gore, Al",democrat,816015,1459525,0.559096281,0
2004,Connecticut,CT,US President,"Kerry, John",democrat,857488,1578769,0.54313709,0
2005,Connecticut,CT,US President,"Kerry, John",democrat,857488,1578769,0.54313709,0
2006,Connecticut,CT,US President,"Kerry, John",democrat,857488,1578769,0.54313709,0
2007,Connecticut,CT,US President,"Kerry, John",democrat,857488,1578769,0.54313709,0
2008,Connecticut,CT,US President,"Obama, Barack H.",democrat,997772,1646792,0.605888297,0
2009,Connecticut,CT,US President,"Obama, Barack H.",democrat,997772,1646792,0.605888297,0
2010,Connecticut,CT,US President,"Obama, Barack H.",democrat,997772,1646792,0.605888297,0
2011,Connecticut,CT,US President,"Obama, Barack H.",democrat,997772,1646792,0.605888297,0
2012,Connecticut,CT,US President,"Obama, Barack H.",democrat,905083,1558204,0.580850133,0
2013,Connecticut,CT,US President,"Obama, Barack H.",democrat,905083,1558204,0.580850133,0
2014,Connecticut,CT,US President,"Obama, Barack H.",democrat,905083,1558204,0.580850133,1
2015,Connecticut,CT,US President,"Obama, Barack H.",democrat,905083,1558204,0.580850133,1
2016,Connecticut,CT,US President,"Clinton, Hillary",democrat,897572,1644920,0.545663011,1
2017,Connecticut,CT,US President,"Clinton, Hillary",democrat,897572,1644920,0.545663011,1
2018,Connecticut,CT,US President,"Clinton, Hillary",democrat,897572,1644920,0.545663011,1
2001,Delaware,DE,US President,"Gore, Al",democrat,180068,327529,0.549777272,0
2002,Delaware,DE,US President,"Gore, Al",democrat,180068,327529,0.549777272,0
2003,Delaware,DE,US President,"Gore, Al",democrat,180068,327529,0.549777272,0
2004,Delaware,DE,US President,"Kerry, John",democrat,200152,375190,0.533468376,0
2005,Delaware,DE,US President,"Kerry, John",democrat,200152,375190,0.533468376,0
2006,Delaware,DE,US President,"Kerry, John",democrat,200152,375190,0.533468376,0
2007,Delaware,DE,US President,"Kerry, John",democrat,200152,375190,0.533468376,0
2008,Delaware,DE,US President,"Obama, Barack H.",democrat,255459,412412,0.61942669,0
2009,Delaware,DE,US President,"Obama, Barack H.",democrat,255459,412412,0.61942669,0
2010,Delaware,DE,US President,"Obama, Barack H.",democrat,255459,412412,0.61942669,0
2011,Delaware,DE,US President,"Obama, Barack H.",democrat,255459,412412,0.61942669,0
2012,Delaware,DE,US President,"Obama, Barack H.",democrat,242584,413890,0.58610742,0
2013,Delaware,DE,US President,"Obama, Barack H.",democrat,242584,413890,0.58610742,0
2014,Delaware,DE,US President,"Obama, Barack H.",democrat,242584,413890,0.58610742,1
2015,Delaware,DE,US President,"Obama, Barack H.",democrat,242584,413890,0.58610742,1
2016,Delaware,DE,US President,"Clinton, Hillary",democrat,235603,441590,0.533533368,1
2017,Delaware,DE,US President,"Clinton, Hillary",democrat,235603,441590,0.533533368,1
2018,Delaware,DE,US President,"Clinton, Hillary",democrat,235603,441590,0.533533368,1
2001,Florida,FL,US President,"Gore, Al",democrat,2912253,5963110,0.488378212,0
2002,Florida,FL,US President,"Gore, Al",democrat,2912253,5963110,0.488378212,0
2003,Florida,FL,US President,"Gore, Al",democrat,2912253,5963110,0.488378212,0
2004,Florida,FL,US President,"Kerry, John",democrat,3583544,7609810,0.4709111,0
2005,Florida,FL,US President,"Kerry, John",democrat,3583544,7609810,0.4709111,0
2006,Florida,FL,US President,"Kerry, John",democrat,3583544,7609810,0.4709111,0
2007,Florida,FL,US President,"Kerry, John",democrat,3583544,7609810,0.4709111,0
2008,Florida,FL,US President,"Obama, Barack H.",democrat,4282074,8390744,0.510333053,0
2009,Florida,FL,US President,"Obama, Barack H.",democrat,4282074,8390744,0.510333053,0
2010,Florida,FL,US President,"Obama, Barack H.",democrat,4282074,8390744,0.510333053,0
2011,Florida,FL,US President,"Obama, Barack H.",democrat,4282074,8390744,0.510333053,0
2012,Florida,FL,US President,"Obama, Barack H.",democrat,4237756,8474179,0.500078651,0
2013,Florida,FL,US President,"Obama, Barack H.",democrat,4237756,8474179,0.500078651,0
2014,Florida,FL,US President,"Obama, Barack H.",democrat,4237756,8474179,0.500078651,0
2015,Florida,FL,US President,"Obama, Barack H.",democrat,4237756,8474179,0.500078651,0
2016,Florida,FL,US President,"Clinton, Hillary",democrat,4504975,9420039,0.478233158,0
2017,Florida,FL,US President,"Clinton, Hillary",democrat,4504975,9420039,0.478233158,0
2018,Florida,FL,US President,"Clinton, Hillary",democrat,4504975,9420039,0.478233158,0
2001,Georgia,GA,US President,"Gore, Al",democrat,1116230,2583208,0.432109997,0
2002,Georgia,GA,US President,"Gore, Al",democrat,1116230,2583208,0.432109997,0
2003,Georgia,GA,US President,"Gore, Al",democrat,1116230,2583208,0.432109997,0
2004,Georgia,GA,US President,"Kerry, John",democrat,1366149,3301875,0.413749461,0
2005,Georgia,GA,US President,"Kerry, John",democrat,1366149,3301875,0.413749461,0
2006,Georgia,GA,US President,"Kerry, John",democrat,1366149,3301875,0.413749461,0
2007,Georgia,GA,US President,"Kerry, John",democrat,1366149,3301875,0.413749461,0
2008,Georgia,GA,US President,"Obama, Barack H.",democrat,1844123,3924486,0.469901791,0
2009,Georgia,GA,US President,"Obama, Barack H.",democrat,1844123,3924486,0.469901791,0
2010,Georgia,GA,US President,"Obama, Barack H.",democrat,1844123,3924486,0.469901791,0
2011,Georgia,GA,US President,"Obama, Barack H.",democrat,1844123,3924486,0.469901791,0
2012,Georgia,GA,US President,"Obama, Barack H.",democrat,1773827,3897839,0.455079597,0
2013,Georgia,GA,US President,"Obama, Barack H.",democrat,1773827,3897839,0.455079597,0
2014,Georgia,GA,US President,"Obama, Barack H.",democrat,1773827,3897839,0.455079597,0
2015,Georgia,GA,US President,"Obama, Barack H.",democrat,1773827,3897839,0.455079597,0
2016,Georgia,GA,US President,"Clinton, Hillary",democrat,1877963,4114732,0.456399834,0
2017,Georgia,GA,US President,"Clinton, Hillary",democrat,1877963,4114732,0.456399834,0
2018,Georgia,GA,US President,"Clinton, Hillary",democrat,1877963,4114732,0.456399834,0
2001,Hawaii,HI,US President,"Gore, Al",democrat,205286,367951,0.557916679,0
2002,Hawaii,HI,US President,"Gore, Al",democrat,205286,367951,0.557916679,0
2003,Hawaii,HI,US President,"Gore, Al",democrat,205286,367951,0.557916679,0
2004,Hawaii,HI,US President,"Kerry, John",democrat,231708,429013,0.540095522,0
2005,Hawaii,HI,US President,"Kerry, John",democrat,231708,429013,0.540095522,0
2006,Hawaii,HI,US President,"Kerry, John",democrat,231708,429013,0.540095522,0
2007,Hawaii,HI,US President,"Kerry, John",democrat,231708,429013,0.540095522,0
2008,Hawaii,HI,US President,"Obama, Barack H.",democrat,325871,456064,0.714529101,0
2009,Hawaii,HI,US President,"Obama, Barack H.",democrat,325871,456064,0.714529101,0
2010,Hawaii,HI,US President,"Obama, Barack H.",democrat,325871,456064,0.714529101,0
2011,Hawaii,HI,US President,"Obama, Barack H.",democrat,325871,456064,0.714529101,0
2012,Hawaii,HI,US President,"Obama, Barack H.",democrat,306658,437159,0.701479324,0
2013,Hawaii,HI,US President,"Obama, Barack H.",democrat,306658,437159,0.701479324,0
2014,Hawaii,HI,US President,"Obama, Barack H.",democrat,306658,437159,0.701479324,1
2015,Hawaii,HI,US President,"Obama, Barack H.",democrat,306658,437159,0.701479324,1
2016,Hawaii,HI,US President,"Clinton, Hillary",democrat,266891,437664,0.609807981,1
2017,Hawaii,HI,US President,"Clinton, Hillary",democrat,266891,437664,0.609807981,1
2018,Hawaii,HI,US President,"Clinton, Hillary",democrat,266891,437664,0.609807981,1
2001,Idaho,ID,US President,"Gore, Al",democrat,138637,501615,0.276381288,0
2002,Idaho,ID,US President,"Gore, Al",democrat,138637,501615,0.276381288,0
2003,Idaho,ID,US President,"Gore, Al",democrat,138637,501615,0.276381288,0
2004,Idaho,ID,US President,"Kerry, John",democrat,181098,598376,0.30264917,0
2005,Idaho,ID,US President,"Kerry, John",democrat,181098,598376,0.30264917,0
2006,Idaho,ID,US President,"Kerry, John",democrat,181098,598376,0.30264917,0
2007,Idaho,ID,US President,"Kerry, John",democrat,181098,598376,0.30264917,0
2008,Idaho,ID,US President,"Obama, Barack H.",democrat,236440,655122,0.360909876,0
2009,Idaho,ID,US President,"Obama, Barack H.",democrat,236440,655122,0.360909876,0
2010,Idaho,ID,US President,"Obama, Barack H.",democrat,236440,655122,0.360909876,0
2011,Idaho,ID,US President,"Obama, Barack H.",democrat,236440,655122,0.360909876,0
2012,Idaho,ID,US President,"Obama, Barack H.",democrat,212787,652274,0.326223336,0
2013,Idaho,ID,US President,"Obama, Barack H.",democrat,212787,652274,0.326223336,0
2014,Idaho,ID,US President,"Obama, Barack H.",democrat,212787,652274,0.326223336,0
2015,Idaho,ID,US President,"Obama, Barack H.",democrat,212787,652274,0.326223336,0
2016,Idaho,ID,US President,"Clinton, Hillary",democrat,189765,690255,0.274920138,0
2017,Idaho,ID,US President,"Clinton, Hillary",democrat,189765,690255,0.274920138,0
2018,Idaho,ID,US President,"Clinton, Hillary",democrat,189765,690255,0.274920138,0
2001,Illinois,IL,US President,"Gore, Al",democrat,2589026,4742108,0.545965212,0
2002,Illinois,IL,US President,"Gore, Al",democrat,2589026,4742108,0.545965212,0
2003,Illinois,IL,US President,"Gore, Al",democrat,2589026,4742108,0.545965212,0
2004,Illinois,IL,US President,"Kerry, John",democrat,2891550,5274322,0.548231602,0
2005,Illinois,IL,US President,"Kerry, John",democrat,2891550,5274322,0.548231602,0
2006,Illinois,IL,US President,"Kerry, John",democrat,2891550,5274322,0.548231602,0
2007,Illinois,IL,US President,"Kerry, John",democrat,2891550,5274322,0.548231602,0
2008,Illinois,IL,US President,"Obama, Barack H.",democrat,3419348,5522371,0.619181145,0
2009,Illinois,IL,US President,"Obama, Barack H.",democrat,3419348,5522371,0.619181145,0
2010,Illinois,IL,US President,"Obama, Barack H.",democrat,3419348,5522371,0.619181145,0
2011,Illinois,IL,US President,"Obama, Barack H.",democrat,3419348,5522371,0.619181145,0
2012,Illinois,IL,US President,"Obama, Barack H.",democrat,3019512,5242014,0.576021354,0
2013,Illinois,IL,US President,"Obama, Barack H.",democrat,3019512,5242014,0.576021354,0
2014,Illinois,IL,US President,"Obama, Barack H.",democrat,3019512,5242014,0.576021354,1
2015,Illinois,IL,US President,"Obama, Barack H.",democrat,3019512,5242014,0.576021354,1
2016,Illinois,IL,US President,"Clinton, Hillary",democrat,3090729,5536424,0.558253667,1
2017,Illinois,IL,US President,"Clinton, Hillary",democrat,3090729,5536424,0.558253667,1
2018,Illinois,IL,US President,"Clinton, Hillary",democrat,3090729,5536424,0.558253667,1
2001,Indiana,IN,US President,"Gore, Al",democrat,901980,2199302,0.410121029,0
2002,Indiana,IN,US President,"Gore, Al",democrat,901980,2199302,0.410121029,0
2003,Indiana,IN,US President,"Gore, Al",democrat,901980,2199302,0.410121029,0
2004,Indiana,IN,US President,"Kerry, John",democrat,969011,2468002,0.392629747,0
2005,Indiana,IN,US President,"Kerry, John",democrat,969011,2468002,0.392629747,0
2006,Indiana,IN,US President,"Kerry, John",democrat,969011,2468002,0.392629747,0
2007,Indiana,IN,US President,"Kerry, John",democrat,969011,2468002,0.392629747,0
2008,Indiana,IN,US President,"Obama, Barack H.",democrat,1374039,2751054,0.499459116,0
2009,Indiana,IN,US President,"Obama, Barack H.",democrat,1374039,2751054,0.499459116,0
2010,Indiana,IN,US President,"Obama, Barack H.",democrat,1374039,2751054,0.499459116,0
2011,Indiana,IN,US President,"Obama, Barack H.",democrat,1374039,2751054,0.499459116,0
2012,Indiana,IN,US President,"Obama, Barack H.",democrat,1152887,2624534,0.439273029,0
2013,Indiana,IN,US President,"Obama, Barack H.",democrat,1152887,2624534,0.439273029,0
2014,Indiana,IN,US President,"Obama, Barack H.",democrat,1152887,2624534,0.439273029,0
2015,Indiana,IN,US President,"Obama, Barack H.",democrat,1152887,2624534,0.439273029,1
2016,Indiana,IN,US President,"Clinton, Hillary",democrat,1033126,2734958,0.377748397,1
2017,Indiana,IN,US President,"Clinton, Hillary",democrat,1033126,2734958,0.377748397,1
2018,Indiana,IN,US President,"Clinton, Hillary",democrat,1033126,2734958,0.377748397,1
2001,Iowa,IA,US President,"Gore, Al",democrat,638517,1353022,0.471919156,0
2002,Iowa,IA,US President,"Gore, Al",democrat,638517,1353022,0.471919156,0
2003,Iowa,IA,US President,"Gore, Al",democrat,638517,1353022,0.471919156,0
2004,Iowa,IA,US President,"Kerry, John",democrat,741898,1506908,0.492331317,0
2005,Iowa,IA,US President,"Kerry, John",democrat,741898,1506908,0.492331317,0
2006,Iowa,IA,US President,"Kerry, John",democrat,741898,1506908,0.492331317,0
2007,Iowa,IA,US President,"Kerry, John",democrat,741898,1506908,0.492331317,0
2008,Iowa,IA,US President,"Obama, Barack H.",democrat,828940,1537123,0.539280201,0
2009,Iowa,IA,US President,"Obama, Barack H.",democrat,828940,1537123,0.539280201,0
2010,Iowa,IA,US President,"Obama, Barack H.",democrat,828940,1537123,0.539280201,0
2011,Iowa,IA,US President,"Obama, Barack H.",democrat,828940,1537123,0.539280201,0
2012,Iowa,IA,US President,"Obama, Barack H.",democrat,822544,1582180,0.519880165,0
2013,Iowa,IA,US President,"Obama, Barack H.",democrat,822544,1582180,0.519880165,0
2014,Iowa,IA,US President,"Obama, Barack H.",democrat,822544,1582180,0.519880165,1
2015,Iowa,IA,US President,"Obama, Barack H.",democrat,822544,1582180,0.519880165,1
2016,Iowa,IA,US President,"Clinton, Hillary",democrat,653669,1565580,0.417525134,1
2017,Iowa,IA,US President,"Clinton, Hillary",democrat,653669,1565580,0.417525134,1
2018,Iowa,IA,US President,"Clinton, Hillary",democrat,653669,1565580,0.417525134,1
2001,Kansas,KS,US President,"Gore, Al",democrat,399276,1072216,0.372383923,0
2002,Kansas,KS,US President,"Gore, Al",democrat,399276,1072216,0.372383923,0
2003,Kansas,KS,US President,"Gore, Al",democrat,399276,1072216,0.372383923,0
2004,Kansas,KS,US President,"Kerry, John",democrat,434993,1187756,0.366230943,0
2005,Kansas,KS,US President,"Kerry, John",democrat,434993,1187756,0.366230943,0
2006,Kansas,KS,US President,"Kerry, John",democrat,434993,1187756,0.366230943,0
2007,Kansas,KS,US President,"Kerry, John",democrat,434993,1187756,0.366230943,0
2008,Kansas,KS,US President,"Obama, Barack H.",democrat,514765,1235872,0.416519672,0
2009,Kansas,KS,US President,"Obama, Barack H.",democrat,514765,1235872,0.416519672,0
2010,Kansas,KS,US President,"Obama, Barack H.",democrat,514765,1235872,0.416519672,0
2011,Kansas,KS,US President,"Obama, Barack H.",democrat,514765,1235872,0.416519672,0
2012,Kansas,KS,US President,"Obama, Barack H.",democrat,440726,1159971,0.379945706,0
2013,Kansas,KS,US President,"Obama, Barack H.",democrat,440726,1159971,0.379945706,0
2014,Kansas,KS,US President,"Obama, Barack H.",democrat,440726,1159971,0.379945706,0
2015,Kansas,KS,US President,"Obama, Barack H.",democrat,440726,1159971,0.379945706,0
2016,Kansas,KS,US President,"Clinton, Hillary",democrat,427005,1184402,0.360523707,0
2017,Kansas,KS,US President,"Clinton, Hillary",democrat,427005,1184402,0.360523707,0
2018,Kansas,KS,US President,"Clinton, Hillary",democrat,427005,1184402,0.360523707,0
2001,Kentucky,KY,US President,"Gore, Al",democrat,638923,1544106,0.413781826,0
2002,Kentucky,KY,US President,"Gore, Al",democrat,638923,1544106,0.413781826,0
2003,Kentucky,KY,US President,"Gore, Al",democrat,638923,1544106,0.413781826,0
2004,Kentucky,KY,US President,"Kerry, John",democrat,712733,1795882,0.39687073,0
2005,Kentucky,KY,US President,"Kerry, John",democrat,712733,1795882,0.39687073,0
2006,Kentucky,KY,US President,"Kerry, John",democrat,712733,1795882,0.39687073,0
2007,Kentucky,KY,US President,"Kerry, John",democrat,712733,1795882,0.39687073,0
2008,Kentucky,KY,US President,"Obama, Barack H.",democrat,751985,1826620,0.411681138,0
2009,Kentucky,KY,US President,"Obama, Barack H.",democrat,751985,1826620,0.411681138,0
2010,Kentucky,KY,US President,"Obama, Barack H.",democrat,751985,1826620,0.411681138,0
2011,Kentucky,KY,US President,"Obama, Barack H.",democrat,751985,1826620,0.411681138,0
2012,Kentucky,KY,US President,"Obama, Barack H.",democrat,679370,1797212,0.378013278,0
2013,Kentucky,KY,US President,"Obama, Barack H.",democrat,679370,1797212,0.378013278,0
2014,Kentucky,KY,US President,"Obama, Barack H.",democrat,679370,1797212,0.378013278,1
2015,Kentucky,KY,US President,"Obama, Barack H.",democrat,679370,1797212,0.378013278,1
2016,Kentucky,KY,US President,"Clinton, Hillary",democrat,628854,1924149,0.326821883,1
2017,Kentucky,KY,US President,"Clinton, Hillary",democrat,628854,1924149,0.326821883,1
2018,Kentucky,KY,US President,"Clinton, Hillary",democrat,628854,1924149,0.326821883,1
2001,Louisiana,LA,US President,"Gore, Al",democrat,792344,1765656,0.448753325,0
2002,Louisiana,LA,US President,"Gore, Al",democrat,792344,1765656,0.448753325,0
2003,Louisiana,LA,US President,"Gore, Al",democrat,792344,1765656,0.448753325,0
2004,Louisiana,LA,US President,"Kerry, John",democrat,820299,1943106,0.422158647,0
2005,Louisiana,LA,US President,"Kerry, John",democrat,820299,1943106,0.422158647,0
2006,Louisiana,LA,US President,"Kerry, John",democrat,820299,1943106,0.422158647,0
2007,Louisiana,LA,US President,"Kerry, John",democrat,820299,1943106,0.422158647,0
2008,Louisiana,LA,US President,"Obama, Barack H.",democrat,782989,1960761,0.399329138,0
2009,Louisiana,LA,US President,"Obama, Barack H.",democrat,782989,1960761,0.399329138,0
2010,Louisiana,LA,US President,"Obama, Barack H.",democrat,782989,1960761,0.399329138,0
2011,Louisiana,LA,US President,"Obama, Barack H.",democrat,782989,1960761,0.399329138,0
2012,Louisiana,LA,US President,"Obama, Barack H.",democrat,809141,1994065,0.405774636,0
2013,Louisiana,LA,US President,"Obama, Barack H.",democrat,809141,1994065,0.405774636,0
2014,Louisiana,LA,US President,"Obama, Barack H.",democrat,809141,1994065,0.405774636,0
2015,Louisiana,LA,US President,"Obama, Barack H.",democrat,809141,1994065,0.405774636,0
2016,Louisiana,LA,US President,"Clinton, Hillary",democrat,780154,2029032,0.384495661,1
2017,Louisiana,LA,US President,"Clinton, Hillary",democrat,780154,2029032,0.384495661,1
2018,Louisiana,LA,US President,"Clinton, Hillary",democrat,780154,2029032,0.384495661,1
2001,Maine,ME,US President,"Gore, Al",democrat,319951,651817,0.490860165,0
2002,Maine,ME,US President,"Gore, Al",democrat,319951,651817,0.490860165,0
2003,Maine,ME,US President,"Gore, Al",democrat,319951,651817,0.490860165,0
2004,Maine,ME,US President,"Kerry, John",democrat,396842,740752,0.535728557,0
2005,Maine,ME,US President,"Kerry, John",democrat,396842,740752,0.535728557,0
2006,Maine,ME,US President,"Kerry, John",democrat,396842,740752,0.535728557,0
2007,Maine,ME,US President,"Kerry, John",democrat,396842,740752,0.535728557,0
2008,Maine,ME,US President,"Obama, Barack H.",democrat,421923,731163,0.577057373,0
2009,Maine,ME,US President,"Obama, Barack H.",democrat,421923,731163,0.577057373,0
2010,Maine,ME,US President,"Obama, Barack H.",democrat,421923,731163,0.577057373,0
2011,Maine,ME,US President,"Obama, Barack H.",democrat,421923,731163,0.577057373,0
2012,Maine,ME,US President,"Obama, Barack H.",democrat,401306,724758,0.553710342,0
2013,Maine,ME,US President,"Obama, Barack H.",democrat,401306,724758,0.553710342,0
2014,Maine,ME,US President,"Obama, Barack H.",democrat,401306,724758,0.553710342,0
2015,Maine,ME,US President,"Obama, Barack H.",democrat,401306,724758,0.553710342,0
2016,Maine,ME,US President,"Clinton, Hillary",democrat,357735,771892,0.463452141,0
2017,Maine,ME,US President,"Clinton, Hillary",democrat,357735,771892,0.463452141,0
2018,Maine,ME,US President,"Clinton, Hillary",democrat,357735,771892,0.463452141,0
2001,Maryland,MD,US President,"Gore, Al",democrat,1144008,2025212,0.564883084,0
2002,Maryland,MD,US President,"Gore, Al",democrat,1144008,2025212,0.564883084,0
2003,Maryland,MD,US President,"Gore, Al",democrat,1144008,2025212,0.564883084,0
2004,Maryland,MD,US President,"Kerry, John",democrat,1334493,2384238,0.559714676,0
2005,Maryland,MD,US President,"Kerry, John",democrat,1334493,2384238,0.559714676,0
2006,Maryland,MD,US President,"Kerry, John",democrat,1334493,2384238,0.559714676,0
2007,Maryland,MD,US President,"Kerry, John",democrat,1334493,2384238,0.559714676,0
2008,Maryland,MD,US President,"Obama, Barack H.",democrat,1629467,2631596,0.619193448,0
2009,Maryland,MD,US President,"Obama, Barack H.",democrat,1629467,2631596,0.619193448,0
2010,Maryland,MD,US President,"Obama, Barack H.",democrat,1629467,2631596,0.619193448,0
2011,Maryland,MD,US President,"Obama, Barack H.",democrat,1629467,2631596,0.619193448,0
2012,Maryland,MD,US President,"Obama, Barack H.",democrat,1677844,2707327,0.619741908,0
2013,Maryland,MD,US President,"Obama, Barack H.",democrat,1677844,2707327,0.619741908,0
2014,Maryland,MD,US President,"Obama, Barack H.",democrat,1677844,2707327,0.619741908,1
2015,Maryland,MD,US President,"Obama, Barack H.",democrat,1677844,2707327,0.619741908,1
2016,Maryland,MD,US President,"Clinton, Hillary",democrat,1677928,2781446,0.603257442,1
2017,Maryland,MD,US President,"Clinton, Hillary",democrat,1677928,2781446,0.603257442,1
2018,Maryland,MD,US President,"Clinton, Hillary",democrat,1677928,2781446,0.603257442,1
2001,Massachusetts,MA,US President,"Gore, Al",democrat,1616487,2733964,0.59126126,0
2002,Massachusetts,MA,US President,"Gore, Al",democrat,1616487,2733964,0.59126126,0
2003,Massachusetts,MA,US President,"Gore, Al",democrat,1616487,2733964,0.59126126,0
2004,Massachusetts,MA,US President,"Kerry, John",democrat,1803800,2927455,0.616166602,0
2005,Massachusetts,MA,US President,"Kerry, John",democrat,1803800,2927455,0.616166602,0
2006,Massachusetts,MA,US President,"Kerry, John",democrat,1803800,2927455,0.616166602,0
2007,Massachusetts,MA,US President,"Kerry, John",democrat,1803800,2927455,0.616166602,0
2008,Massachusetts,MA,US President,"Obama, Barack H.",democrat,1904097,3102995,0.613631991,0
2009,Massachusetts,MA,US President,"Obama, Barack H.",democrat,1904097,3102995,0.613631991,0
2010,Massachusetts,MA,US President,"Obama, Barack H.",democrat,1904097,3102995,0.613631991,0
2011,Massachusetts,MA,US President,"Obama, Barack H.",democrat,1904097,3102995,0.613631991,0
2012,Massachusetts,MA,US President,"Obama, Barack H.",democrat,1921290,3184196,0.603383083,0
2013,Massachusetts,MA,US President,"Obama, Barack H.",democrat,1921290,3184196,0.603383083,0
2014,Massachusetts,MA,US President,"Obama, Barack H.",democrat,1921290,3184196,0.603383083,1
2015,Massachusetts,MA,US President,"Obama, Barack H.",democrat,1921290,3184196,0.603383083,1
2016,Massachusetts,MA,US President,"Clinton, Hillary",democrat,1995196,3378821,0.590500651,1
2017,Massachusetts,MA,US President,"Clinton, Hillary",democrat,1995196,3378821,0.590500651,1
2018,Massachusetts,MA,US President,"Clinton, Hillary",democrat,1995196,3378821,0.590500651,1
2001,Michigan,MI,US President,"Gore, Al",democrat,2170418,4232501,0.512797989,0
2002,Michigan,MI,US President,"Gore, Al",democrat,2170418,4232501,0.512797989,0
2003,Michigan,MI,US President,"Gore, Al",democrat,2170418,4232501,0.512797989,0
2004,Michigan,MI,US President,"Kerry, John",democrat,2479183,4839252,0.512307067,0
2005,Michigan,MI,US President,"Kerry, John",democrat,2479183,4839252,0.512307067,0
2006,Michigan,MI,US President,"Kerry, John",democrat,2479183,4839252,0.512307067,0
2007,Michigan,MI,US President,"Kerry, John",democrat,2479183,4839252,0.512307067,0
2008,Michigan,MI,US President,"Obama, Barack H.",democrat,2872579,5001596,0.574332473,0
2009,Michigan,MI,US President,"Obama, Barack H.",democrat,2872579,5001596,0.574332473,0
2010,Michigan,MI,US President,"Obama, Barack H.",democrat,2872579,5001596,0.574332473,0
2011,Michigan,MI,US President,"Obama, Barack H.",democrat,2872579,5001596,0.574332473,0
2012,Michigan,MI,US President,"Obama, Barack H.",democrat,2564569,4730961,0.542082042,0
2013,Michigan,MI,US President,"Obama, Barack H.",democrat,2564569,4730961,0.542082042,0
2014,Michigan,MI,US President,"Obama, Barack H.",democrat,2564569,4730961,0.542082042,1
2015,Michigan,MI,US President,"Obama, Barack H.",democrat,2564569,4730961,0.542082042,1
2016,Michigan,MI,US President,"Clinton, Hillary",democrat,2268839,4799284,0.47274531,1
2017,Michigan,MI,US President,"Clinton, Hillary",democrat,2268839,4799284,0.47274531,1
2018,Michigan,MI,US President,"Clinton, Hillary",democrat,2268839,4799284,0.47274531,1
2001,Minnesota,MN,US President,"Gore, Al",democrat,1168266,2438685,0.479055721,0
2002,Minnesota,MN,US President,"Gore, Al",democrat,1168266,2438685,0.479055721,0
2003,Minnesota,MN,US President,"Gore, Al",democrat,1168266,2438685,0.479055721,0
2004,Minnesota,MN,US President,"Kerry, John",democrat,1445014,2828387,0.510896847,0
2005,Minnesota,MN,US President,"Kerry, John",democrat,1445014,2828387,0.510896847,0
2006,Minnesota,MN,US President,"Kerry, John",democrat,1445014,2828387,0.510896847,0
2007,Minnesota,MN,US President,"Kerry, John",democrat,1445014,2828387,0.510896847,0
2008,Minnesota,MN,US President,"Obama, Barack H.",democrat,1573354,2910369,0.540602927,0
2009,Minnesota,MN,US President,"Obama, Barack H.",democrat,1573354,2910369,0.540602927,0
2010,Minnesota,MN,US President,"Obama, Barack H.",democrat,1573354,2910369,0.540602927,0
2011,Minnesota,MN,US President,"Obama, Barack H.",democrat,1573354,2910369,0.540602927,0
2012,Minnesota,MN,US President,"Obama, Barack H.",democrat,1546167,2936561,0.526523032,0
2013,Minnesota,MN,US President,"Obama, Barack H.",democrat,1546167,2936561,0.526523032,0
2014,Minnesota,MN,US President,"Obama, Barack H.",democrat,1546167,2936561,0.526523032,1
2015,Minnesota,MN,US President,"Obama, Barack H.",democrat,1546167,2936561,0.526523032,1
2016,Minnesota,MN,US President,"Clinton, Hillary",democrat,1367705,2944782,0.46445034,1
2017,Minnesota,MN,US President,"Clinton, Hillary",democrat,1367705,2944782,0.46445034,1
2018,Minnesota,MN,US President,"Clinton, Hillary",democrat,1367705,2944782,0.46445034,1
2001,Mississippi,MS,US President,"Gore, Al",democrat,404614,994184,0.406981002,0
2002,Mississippi,MS,US President,"Gore, Al",democrat,404614,994184,0.406981002,0
2003,Mississippi,MS,US President,"Gore, Al",democrat,404614,994184,0.406981002,0
2004,Mississippi,MS,US President,"Kerry, John",democrat,457766,1139824,0.401611126,0
2005,Mississippi,MS,US President,"Kerry, John",democrat,457766,1139824,0.401611126,0
2006,Mississippi,MS,US President,"Kerry, John",democrat,457766,1139824,0.401611126,0
2007,Mississippi,MS,US President,"Kerry, John",democrat,457766,1139824,0.401611126,0
2008,Mississippi,MS,US President,"Obama, Barack H.",democrat,554662,1289865,0.430015544,0
2009,Mississippi,MS,US President,"Obama, Barack H.",democrat,554662,1289865,0.430015544,0
2010,Mississippi,MS,US President,"Obama, Barack H.",democrat,554662,1289865,0.430015544,0
2011,Mississippi,MS,US President,"Obama, Barack H.",democrat,554662,1289865,0.430015544,0
2012,Mississippi,MS,US President,"Obama, Barack H.",democrat,562949,1285584,0.437893595,0
2013,Mississippi,MS,US President,"Obama, Barack H.",democrat,562949,1285584,0.437893595,0
2014,Mississippi,MS,US President,"Obama, Barack H.",democrat,562949,1285584,0.437893595,0
2015,Mississippi,MS,US President,"Obama, Barack H.",democrat,562949,1285584,0.437893595,0
2016,Mississippi,MS,US President,"Clinton, Hillary",democrat,485131,1209357,0.401147883,0
2017,Mississippi,MS,US President,"Clinton, Hillary",democrat,485131,1209357,0.401147883,0
2018,Mississippi,MS,US President,"Clinton, Hillary",democrat,485131,1209357,0.401147883,0
2001,Missouri,MO,US President,"Gore, Al",democrat,1111138,2359892,0.470842733,0
2002,Missouri,MO,US President,"Gore, Al",democrat,1111138,2359892,0.470842733,0
2003,Missouri,MO,US President,"Gore, Al",democrat,1111138,2359892,0.470842733,0
2004,Missouri,MO,US President,"Kerry, John",democrat,1259171,2731364,0.461004465,0
2005,Missouri,MO,US President,"Kerry, John",democrat,1259171,2731364,0.461004465,0
2006,Missouri,MO,US President,"Kerry, John",democrat,1259171,2731364,0.461004465,0
2007,Missouri,MO,US President,"Kerry, John",democrat,1259171,2731364,0.461004465,0
2008,Missouri,MO,US President,"Obama, Barack H.",democrat,1441911,2925205,0.492926479,0
2009,Missouri,MO,US President,"Obama, Barack H.",democrat,1441911,2925205,0.492926479,0
2010,Missouri,MO,US President,"Obama, Barack H.",democrat,1441911,2925205,0.492926479,0
2011,Missouri,MO,US President,"Obama, Barack H.",democrat,1441911,2925205,0.492926479,0
2012,Missouri,MO,US President,"Obama, Barack H.",democrat,1223796,2757323,0.443834835,0
2013,Missouri,MO,US President,"Obama, Barack H.",democrat,1223796,2757323,0.443834835,0
2014,Missouri,MO,US President,"Obama, Barack H.",democrat,1223796,2757323,0.443834835,0
2015,Missouri,MO,US President,"Obama, Barack H.",democrat,1223796,2757323,0.443834835,0
2016,Missouri,MO,US President,"Clinton, Hillary",democrat,1071068,2808605,0.381352308,0
2017,Missouri,MO,US President,"Clinton, Hillary",democrat,1071068,2808605,0.381352308,0
2018,Missouri,MO,US President,"Clinton, Hillary",democrat,1071068,2808605,0.381352308,0
2001,Montana,MT,US President,"Gore, Al",democrat,137126,410986,0.333651268,0
2002,Montana,MT,US President,"Gore, Al",democrat,137126,410986,0.333651268,0
2003,Montana,MT,US President,"Gore, Al",democrat,137126,410986,0.333651268,0
2004,Montana,MT,US President,"Kerry, John",democrat,173710,450434,0.385650284,0
2005,Montana,MT,US President,"Kerry, John",democrat,173710,450434,0.385650284,0
2006,Montana,MT,US President,"Kerry, John",democrat,173710,450434,0.385650284,0
2007,Montana,MT,US President,"Kerry, John",democrat,173710,450434,0.385650284,0
2008,Montana,MT,US President,"Obama, Barack H.",democrat,231667,490109,0.472684648,0
2009,Montana,MT,US President,"Obama, Barack H.",democrat,231667,490109,0.472684648,0
2010,Montana,MT,US President,"Obama, Barack H.",democrat,231667,490109,0.472684648,0
2011,Montana,MT,US President,"Obama, Barack H.",democrat,231667,490109,0.472684648,0
2012,Montana,MT,US President,"Obama, Barack H.",democrat,201839,484048,0.416981374,0
2013,Montana,MT,US President,"Obama, Barack H.",democrat,201839,484048,0.416981374,0
2014,Montana,MT,US President,"Obama, Barack H.",democrat,201839,484048,0.416981374,0
2015,Montana,MT,US President,"Obama, Barack H.",democrat,201839,484048,0.416981374,0
2016,Montana,MT,US President,"Clinton, Hillary",democrat,177709,494526,0.359352188,1
2017,Montana,MT,US President,"Clinton, Hillary",democrat,177709,494526,0.359352188,1
2018,Montana,MT,US President,"Clinton, Hillary",democrat,177709,494526,0.359352188,1
2001,Nebraska,NE,US President,"Gore, Al",democrat,231780,697019,0.33253039,0
2002,Nebraska,NE,US President,"Gore, Al",democrat,231780,697019,0.33253039,0
2003,Nebraska,NE,US President,"Gore, Al",democrat,231780,697019,0.33253039,0
2004,Nebraska,NE,US President,"Kerry, John",democrat,254328,778186,0.326821608,0
2005,Nebraska,NE,US President,"Kerry, John",democrat,254328,778186,0.326821608,0
2006,Nebraska,NE,US President,"Kerry, John",democrat,254328,778186,0.326821608,0
2007,Nebraska,NE,US President,"Kerry, John",democrat,254328,778186,0.326821608,0
2008,Nebraska,NE,US President,"Obama, Barack H.",democrat,333319,801281,0.415982658,0
2009,Nebraska,NE,US President,"Obama, Barack H.",democrat,333319,801281,0.415982658,0
2010,Nebraska,NE,US President,"Obama, Barack H.",democrat,333319,801281,0.415982658,0
2011,Nebraska,NE,US President,"Obama, Barack H.",democrat,333319,801281,0.415982658,0
2012,Nebraska,NE,US President,"Obama, Barack H.",democrat,302081,794379,0.380273144,0
2013,Nebraska,NE,US President,"Obama, Barack H.",democrat,302081,794379,0.380273144,0
2014,Nebraska,NE,US President,"Obama, Barack H.",democrat,302081,794379,0.380273144,0
2015,Nebraska,NE,US President,"Obama, Barack H.",democrat,302081,794379,0.380273144,0
2016,Nebraska,NE,US President,"Clinton, Hillary",democrat,284494,844227,0.336987564,0
2017,Nebraska,NE,US President,"Clinton, Hillary",democrat,284494,844227,0.336987564,0
2018,Nebraska,NE,US President,"Clinton, Hillary",democrat,284494,844227,0.336987564,0
2001,Nevada,NV,US President,"Gore, Al",democrat,279978,609426,0.459412628,0
2002,Nevada,NV,US President,"Gore, Al",democrat,279978,609426,0.459412628,0
2003,Nevada,NV,US President,"Gore, Al",democrat,279978,609426,0.459412628,0
2004,Nevada,NV,US President,"Kerry, John",democrat,397190,829587,0.478780405,0
2005,Nevada,NV,US President,"Kerry, John",democrat,397190,829587,0.478780405,0
2006,Nevada,NV,US President,"Kerry, John",democrat,397190,829587,0.478780405,0
2007,Nevada,NV,US President,"Kerry, John",democrat,397190,829587,0.478780405,0
2008,Nevada,NV,US President,"Obama, Barack H.",democrat,533736,967848,0.551466759,0
2009,Nevada,NV,US President,"Obama, Barack H.",democrat,533736,967848,0.551466759,0
2010,Nevada,NV,US President,"Obama, Barack H.",democrat,533736,967848,0.551466759,0
2011,Nevada,NV,US President,"Obama, Barack H.",democrat,533736,967848,0.551466759,0
2012,Nevada,NV,US President,"Obama, Barack H.",democrat,531373,1014918,0.523562495,0
2013,Nevada,NV,US President,"Obama, Barack H.",democrat,531373,1014918,0.523562495,0
2014,Nevada,NV,US President,"Obama, Barack H.",democrat,531373,1014918,0.523562495,1
2015,Nevada,NV,US President,"Obama, Barack H.",democrat,531373,1014918,0.523562495,1
2016,Nevada,NV,US President,"Clinton, Hillary",democrat,539260,1125385,0.479178237,1
2017,Nevada,NV,US President,"Clinton, Hillary",democrat,539260,1125385,0.479178237,1
2018,Nevada,NV,US President,"Clinton, Hillary",democrat,539260,1125385,0.479178237,1
2001,New Hampshire,NH,US President,"Gore, Al",democrat,266348,569081,0.468031792,0
2002,New Hampshire,NH,US President,"Gore, Al",democrat,266348,569081,0.468031792,0
2003,New Hampshire,NH,US President,"Gore, Al",democrat,266348,569081,0.468031792,0
2004,New Hampshire,NH,US President,"Kerry, John",democrat,340511,678287,0.502016108,0
2005,New Hampshire,NH,US President,"Kerry, John",democrat,340511,678287,0.502016108,0
2006,New Hampshire,NH,US President,"Kerry, John",democrat,340511,678287,0.502016108,0
2007,New Hampshire,NH,US President,"Kerry, John",democrat,340511,678287,0.502016108,0
2008,New Hampshire,NH,US President,"Obama, Barack H.",democrat,384826,710970,0.541268971,0
2009,New Hampshire,NH,US President,"Obama, Barack H.",democrat,384826,710970,0.541268971,0
2010,New Hampshire,NH,US President,"Obama, Barack H.",democrat,384826,710970,0.541268971,0
2011,New Hampshire,NH,US President,"Obama, Barack H.",democrat,384826,710970,0.541268971,0
2012,New Hampshire,NH,US President,"Obama, Barack H.",democrat,369561,710972,0.519796842,0
2013,New Hampshire,NH,US President,"Obama, Barack H.",democrat,369561,710972,0.519796842,0
2014,New Hampshire,NH,US President,"Obama, Barack H.",democrat,369561,710972,0.519796842,1
2015,New Hampshire,NH,US President,"Obama, Barack H.",democrat,369561,710972,0.519796842,1
2016,New Hampshire,NH,US President,"Clinton, Hillary",democrat,348526,744296,0.468262627,1
2017,New Hampshire,NH,US President,"Clinton, Hillary",democrat,348526,744296,0.468262627,1
2018,New Hampshire,NH,US President,"Clinton, Hillary",democrat,348526,744296,0.468262627,1
2001,New Jersey,NJ,US President,"Gore, Al",democrat,1788850,3187226,0.561256089,0
2002,New Jersey,NJ,US President,"Gore, Al",democrat,1788850,3187226,0.561256089,0
2003,New Jersey,NJ,US President,"Gore, Al",democrat,1788850,3187226,0.561256089,0
2004,New Jersey,NJ,US President,"Kerry, John",democrat,1911430,3611691,0.52923409,0
2005,New Jersey,NJ,US President,"Kerry, John",democrat,1911430,3611691,0.52923409,0
2006,New Jersey,NJ,US President,"Kerry, John",democrat,1911430,3611691,0.52923409,0
2007,New Jersey,NJ,US President,"Kerry, John",democrat,1911430,3611691,0.52923409,0
2008,New Jersey,NJ,US President,"Obama, Barack H.",democrat,2215422,3868237,0.572721372,0
2009,New Jersey,NJ,US President,"Obama, Barack H.",democrat,2215422,3868237,0.572721372,0
2010,New Jersey,NJ,US President,"Obama, Barack H.",democrat,2215422,3868237,0.572721372,0
2011,New Jersey,NJ,US President,"Obama, Barack H.",democrat,2215422,3868237,0.572721372,0
2012,New Jersey,NJ,US President,"Obama, Barack H.",democrat,2122786,3638499,0.583423549,0
2013,New Jersey,NJ,US President,"Obama, Barack H.",democrat,2122786,3638499,0.583423549,0
2014,New Jersey,NJ,US President,"Obama, Barack H.",democrat,2122786,3638499,0.583423549,1
2015,New Jersey,NJ,US President,"Obama, Barack H.",democrat,2122786,3638499,0.583423549,1
2016,New Jersey,NJ,US President,"Clinton, Hillary",democrat,2148278,3874046,0.554530844,1
2017,New Jersey,NJ,US President,"Clinton, Hillary",democrat,2148278,3874046,0.554530844,1
2018,New Jersey,NJ,US President,"Clinton, Hillary",democrat,2148278,3874046,0.554530844,1
2001,New Mexico,NM,US President,"Gore, Al",democrat,286783,598605,0.479085541,0
2002,New Mexico,NM,US President,"Gore, Al",democrat,286783,598605,0.479085541,0
2003,New Mexico,NM,US President,"Gore, Al",democrat,286783,598605,0.479085541,0
2004,New Mexico,NM,US President,"Kerry, John",democrat,370942,756304,0.490466796,0
2005,New Mexico,NM,US President,"Kerry, John",democrat,370942,756304,0.490466796,0
2006,New Mexico,NM,US President,"Kerry, John",democrat,370942,756304,0.490466796,0
2007,New Mexico,NM,US President,"Kerry, John",democrat,370942,756304,0.490466796,0
2008,New Mexico,NM,US President,"Obama, Barack H.",democrat,472422,830158,0.569074803,0
2009,New Mexico,NM,US President,"Obama, Barack H.",democrat,472422,830158,0.569074803,0
2010,New Mexico,NM,US President,"Obama, Barack H.",democrat,472422,830158,0.569074803,0
2011,New Mexico,NM,US President,"Obama, Barack H.",democrat,472422,830158,0.569074803,0
2012,New Mexico,NM,US President,"Obama, Barack H.",democrat,415335,783758,0.529927605,0
2013,New Mexico,NM,US President,"Obama, Barack H.",democrat,415335,783758,0.529927605,0
2014,New Mexico,NM,US President,"Obama, Barack H.",democrat,415335,783758,0.529927605,1
2015,New Mexico,NM,US President,"Obama, Barack H.",democrat,415335,783758,0.529927605,1
2016,New Mexico,NM,US President,"Clinton, Hillary",democrat,385234,798319,0.482556472,1
2017,New Mexico,NM,US President,"Clinton, Hillary",democrat,385234,798319,0.482556472,1
2018,New Mexico,NM,US President,"Clinton, Hillary",democrat,385234,798319,0.482556472,1
2001,New York,NY,US President,"Gore, Al",democrat,3942215,6960215,0.566392705,0
2002,New York,NY,US President,"Gore, Al",democrat,3942215,6960215,0.566392705,0
2003,New York,NY,US President,"Gore, Al",democrat,3942215,6960215,0.566392705,0
2004,New York,NY,US President,"Kerry, John",democrat,4180755,7448266,0.561305813,0
2005,New York,NY,US President,"Kerry, John",democrat,4180755,7448266,0.561305813,0
2006,New York,NY,US President,"Kerry, John",democrat,4180755,7448266,0.561305813,0
2007,New York,NY,US President,"Kerry, John",democrat,4180755,7448266,0.561305813,0
2008,New York,NY,US President,"Obama, Barack H.",democrat,4645332,7722019,0.601569615,0
2009,New York,NY,US President,"Obama, Barack H.",democrat,4645332,7722019,0.601569615,0
2010,New York,NY,US President,"Obama, Barack H.",democrat,4645332,7722019,0.601569615,0
2011,New York,NY,US President,"Obama, Barack H.",democrat,4645332,7722019,0.601569615,0
2012,New York,NY,US President,"Obama, Barack H.",democrat,4324228,7116784,0.607609842,0
2013,New York,NY,US President,"Obama, Barack H.",democrat,4324228,7116784,0.607609842,0
2014,New York,NY,US President,"Obama, Barack H.",democrat,4324228,7116784,0.607609842,1
2015,New York,NY,US President,"Obama, Barack H.",democrat,4324228,7116784,0.607609842,1
2016,New York,NY,US President,"Clinton, Hillary",democrat,4379789,7802084,0.561361426,1
2017,New York,NY,US President,"Clinton, Hillary",democrat,4379789,7802084,0.561361426,1
2018,New York,NY,US President,"Clinton, Hillary",democrat,4379789,7802084,0.561361426,1
2001,North Carolina,NC,US President,"Gore, Al",democrat,1257692,2914990,0.431456712,0
2002,North Carolina,NC,US President,"Gore, Al",democrat,1257692,2914990,0.431456712,0
2003,North Carolina,NC,US President,"Gore, Al",democrat,1257692,2914990,0.431456712,0
2004,North Carolina,NC,US President,"Kerry, John",democrat,1525849,3501007,0.435831462,0
2005,North Carolina,NC,US President,"Kerry, John",democrat,1525849,3501007,0.435831462,0
2006,North Carolina,NC,US President,"Kerry, John",democrat,1525849,3501007,0.435831462,0
2007,North Carolina,NC,US President,"Kerry, John",democrat,1525849,3501007,0.435831462,0
2008,North Carolina,NC,US President,"Obama, Barack H.",democrat,2142651,4310851,0.497036664,0
2009,North Carolina,NC,US President,"Obama, Barack H.",democrat,2142651,4310851,0.497036664,0
2010,North Carolina,NC,US President,"Obama, Barack H.",democrat,2142651,4310851,0.497036664,0
2011,North Carolina,NC,US President,"Obama, Barack H.",democrat,2142651,4310851,0.497036664,0
2012,North Carolina,NC,US President,"Obama, Barack H.",democrat,2178391,4505372,0.483509686,0
2013,North Carolina,NC,US President,"Obama, Barack H.",democrat,2178391,4505372,0.483509686,0
2014,North Carolina,NC,US President,"Obama, Barack H.",democrat,2178391,4505372,0.483509686,0
2015,North Carolina,NC,US President,"Obama, Barack H.",democrat,2178391,4505372,0.483509686,0
2016,North Carolina,NC,US President,"Clinton, Hillary",democrat,2189316,4741564,0.461728662,0
2017,North Carolina,NC,US President,"Clinton, Hillary",democrat,2189316,4741564,0.461728662,0
2018,North Carolina,NC,US President,"Clinton, Hillary",democrat,2189316,4741564,0.461728662,0
2001,North Dakota,ND,US President,"Gore, Al",democrat,95284,288256,0.330553397,0
2002,North Dakota,ND,US President,"Gore, Al",democrat,95284,288256,0.330553397,0
2003,North Dakota,ND,US President,"Gore, Al",democrat,95284,288256,0.330553397,0
2004,North Dakota,ND,US President,"Kerry, John",democrat,111052,312833,0.354988125,0
2005,North Dakota,ND,US President,"Kerry, John",democrat,111052,312833,0.354988125,0
2006,North Dakota,ND,US President,"Kerry, John",democrat,111052,312833,0.354988125,0
2007,North Dakota,ND,US President,"Kerry, John",democrat,111052,312833,0.354988125,0
2008,North Dakota,ND,US President,"Obama, Barack H.",democrat,141278,316621,0.4462054,0
2009,North Dakota,ND,US President,"Obama, Barack H.",democrat,141278,316621,0.4462054,0
2010,North Dakota,ND,US President,"Obama, Barack H.",democrat,141278,316621,0.4462054,0
2011,North Dakota,ND,US President,"Obama, Barack H.",democrat,141278,316621,0.4462054,0
2012,North Dakota,ND,US President,"Obama, Barack H.",democrat,124966,322932,0.386973109,0
2013,North Dakota,ND,US President,"Obama, Barack H.",democrat,124966,322932,0.386973109,0
2014,North Dakota,ND,US President,"Obama, Barack H.",democrat,124966,322932,0.386973109,1
2015,North Dakota,ND,US President,"Obama, Barack H.",democrat,124966,322932,0.386973109,1
2016,North Dakota,ND,US President,"Clinton, Hillary",democrat,93758,344360,0.272267395,1
2017,North Dakota,ND,US President,"Clinton, Hillary",democrat,93758,344360,0.272267395,1
2018,North Dakota,ND,US President,"Clinton, Hillary",democrat,93758,344360,0.272267395,1
2001,Ohio,OH,US President,"Gore, Al",democrat,2183628,4701998,0.464404281,0
2002,Ohio,OH,US President,"Gore, Al",democrat,2183628,4701998,0.464404281,0
2003,Ohio,OH,US President,"Gore, Al",democrat,2183628,4701998,0.464404281,0
2004,Ohio,OH,US President,"Kerry, John",democrat,2741165,5627903,0.487066852,0
2005,Ohio,OH,US President,"Kerry, John",democrat,2741165,5627903,0.487066852,0
2006,Ohio,OH,US President,"Kerry, John",democrat,2741165,5627903,0.487066852,0
2007,Ohio,OH,US President,"Kerry, John",democrat,2741165,5627903,0.487066852,0
2008,Ohio,OH,US President,"Obama, Barack H.",democrat,2940044,5708350,0.515042701,0
2009,Ohio,OH,US President,"Obama, Barack H.",democrat,2940044,5708350,0.515042701,0
2010,Ohio,OH,US President,"Obama, Barack H.",democrat,2940044,5708350,0.515042701,0
2011,Ohio,OH,US President,"Obama, Barack H.",democrat,2940044,5708350,0.515042701,0
2012,Ohio,OH,US President,"Obama, Barack H.",democrat,2827621,5580822,0.506667477,0
2013,Ohio,OH,US President,"Obama, Barack H.",democrat,2827621,5580822,0.506667477,0
2014,Ohio,OH,US President,"Obama, Barack H.",democrat,2827621,5580822,0.506667477,1
2015,Ohio,OH,US President,"Obama, Barack H.",democrat,2827621,5580822,0.506667477,1
2016,Ohio,OH,US President,"Clinton, Hillary",democrat,2394164,5496487,0.435580763,1
2017,Ohio,OH,US President,"Clinton, Hillary",democrat,2394164,5496487,0.435580763,1
2018,Ohio,OH,US President,"Clinton, Hillary",democrat,2394164,5496487,0.435580763,1
2001,Oklahoma,OK,US President,"Gore, Al",democrat,474276,1234229,0.384269046,0
2002,Oklahoma,OK,US President,"Gore, Al",democrat,474276,1234229,0.384269046,0
2003,Oklahoma,OK,US President,"Gore, Al",democrat,474276,1234229,0.384269046,0
2004,Oklahoma,OK,US President,"Kerry, John",democrat,503966,1463758,0.344295983,0
2005,Oklahoma,OK,US President,"Kerry, John",democrat,503966,1463758,0.344295983,0
2006,Oklahoma,OK,US President,"Kerry, John",democrat,503966,1463758,0.344295983,0
2007,Oklahoma,OK,US President,"Kerry, John",democrat,503966,1463758,0.344295983,0
2008,Oklahoma,OK,US President,"Obama, Barack H.",democrat,502496,1462661,0.343549189,0
2009,Oklahoma,OK,US President,"Obama, Barack H.",democrat,502496,1462661,0.343549189,0
2010,Oklahoma,OK,US President,"Obama, Barack H.",democrat,502496,1462661,0.343549189,0
2011,Oklahoma,OK,US President,"Obama, Barack H.",democrat,502496,1462661,0.343549189,0
2012,Oklahoma,OK,US President,"Obama, Barack H.",democrat,443547,1334872,0.332276803,0
2013,Oklahoma,OK,US President,"Obama, Barack H.",democrat,443547,1334872,0.332276803,0
2014,Oklahoma,OK,US President,"Obama, Barack H.",democrat,443547,1334872,0.332276803,0
2015,Oklahoma,OK,US President,"Obama, Barack H.",democrat,443547,1334872,0.332276803,0
2016,Oklahoma,OK,US President,"Clinton, Hillary",democrat,420375,1452992,0.289316803,0
2017,Oklahoma,OK,US President,"Clinton, Hillary",democrat,420375,1452992,0.289316803,0
2018,Oklahoma,OK,US President,"Clinton, Hillary",democrat,420375,1452992,0.289316803,0
2001,Oregon,OR,US President,"Gore, Al",democrat,720342,1533950,0.4695994,0
2002,Oregon,OR,US President,"Gore, Al",democrat,720342,1533950,0.4695994,0
2003,Oregon,OR,US President,"Gore, Al",democrat,720342,1533950,0.4695994,0
2004,Oregon,OR,US President,"Kerry, John",democrat,943163,1836782,0.51348663,0
2005,Oregon,OR,US President,"Kerry, John",democrat,943163,1836782,0.51348663,0
2006,Oregon,OR,US President,"Kerry, John",democrat,943163,1836782,0.51348663,0
2007,Oregon,OR,US President,"Kerry, John",democrat,943163,1836782,0.51348663,0
2008,Oregon,OR,US President,"Obama, Barack H.",democrat,1037291,1827864,0.567488063,0
2009,Oregon,OR,US President,"Obama, Barack H.",democrat,1037291,1827864,0.567488063,0
2010,Oregon,OR,US President,"Obama, Barack H.",democrat,1037291,1827864,0.567488063,0
2011,Oregon,OR,US President,"Obama, Barack H.",democrat,1037291,1827864,0.567488063,0
2012,Oregon,OR,US President,"Obama, Barack H.",democrat,970488,1789270,0.542393267,0
2013,Oregon,OR,US President,"Obama, Barack H.",democrat,970488,1789270,0.542393267,0
2014,Oregon,OR,US President,"Obama, Barack H.",democrat,970488,1789270,0.542393267,1
2015,Oregon,OR,US President,"Obama, Barack H.",democrat,970488,1789270,0.542393267,1
2016,Oregon,OR,US President,"Clinton, Hillary",democrat,1002106,2001336,0.50071852,1
2017,Oregon,OR,US President,"Clinton, Hillary",democrat,1002106,2001336,0.50071852,1
2018,Oregon,OR,US President,"Clinton, Hillary",democrat,1002106,2001336,0.50071852,1
2001,Pennsylvania,PA,US President,"Gore, Al",democrat,2485967,4912185,0.506081713,0
2002,Pennsylvania,PA,US President,"Gore, Al",democrat,2485967,4912185,0.506081713,0
2003,Pennsylvania,PA,US President,"Gore, Al",democrat,2485967,4912185,0.506081713,0
2004,Pennsylvania,PA,US President,"Kerry, John",democrat,2938095,5769590,0.509238091,0
2005,Pennsylvania,PA,US President,"Kerry, John",democrat,2938095,5769590,0.509238091,0
2006,Pennsylvania,PA,US President,"Kerry, John",democrat,2938095,5769590,0.509238091,0
2007,Pennsylvania,PA,US President,"Kerry, John",democrat,2938095,5769590,0.509238091,0
2008,Pennsylvania,PA,US President,"Obama, Barack H.",democrat,3276363,6013272,0.54485528,0
2009,Pennsylvania,PA,US President,"Obama, Barack H.",democrat,3276363,6013272,0.54485528,0
2010,Pennsylvania,PA,US President,"Obama, Barack H.",democrat,3276363,6013272,0.54485528,0
2011,Pennsylvania,PA,US President,"Obama, Barack H.",democrat,3276363,6013272,0.54485528,0
2012,Pennsylvania,PA,US President,"Obama, Barack H.",democrat,2990274,5742040,0.520768577,0
2013,Pennsylvania,PA,US President,"Obama, Barack H.",democrat,2990274,5742040,0.520768577,0
2014,Pennsylvania,PA,US President,"Obama, Barack H.",democrat,2990274,5742040,0.520768577,0
2015,Pennsylvania,PA,US President,"Obama, Barack H.",democrat,2990274,5742040,0.520768577,1
2016,Pennsylvania,PA,US President,"Clinton, Hillary",democrat,2926441,6115402,0.478536162,1
2017,Pennsylvania,PA,US President,"Clinton, Hillary",democrat,2926441,6115402,0.478536162,1
2018,Pennsylvania,PA,US President,"Clinton, Hillary",democrat,2926441,6115402,0.478536162,1
2001,Rhode Island,RI,US President,"Gore, Al",democrat,249508,409112,0.609877002,0
2002,Rhode Island,RI,US President,"Gore, Al",democrat,249508,409112,0.609877002,0
2003,Rhode Island,RI,US President,"Gore, Al",democrat,249508,409112,0.609877002,0
2004,Rhode Island,RI,US President,"Kerry, John",democrat,259760,437134,0.594234262,0
2005,Rhode Island,RI,US President,"Kerry, John",democrat,259760,437134,0.594234262,0
2006,Rhode Island,RI,US President,"Kerry, John",democrat,259760,437134,0.594234262,0
2007,Rhode Island,RI,US President,"Kerry, John",democrat,259760,437134,0.594234262,0
2008,Rhode Island,RI,US President,"Obama, Barack H.",democrat,296571,471766,0.628640046,0
2009,Rhode Island,RI,US President,"Obama, Barack H.",democrat,296571,471766,0.628640046,0
2010,Rhode Island,RI,US President,"Obama, Barack H.",democrat,296571,471766,0.628640046,0
2011,Rhode Island,RI,US President,"Obama, Barack H.",democrat,296571,471766,0.628640046,0
2012,Rhode Island,RI,US President,"Obama, Barack H.",democrat,279677,446049,0.627009589,0
2013,Rhode Island,RI,US President,"Obama, Barack H.",democrat,279677,446049,0.627009589,0
2014,Rhode Island,RI,US President,"Obama, Barack H.",democrat,279677,446049,0.627009589,1
2015,Rhode Island,RI,US President,"Obama, Barack H.",democrat,279677,446049,0.627009589,1
2016,Rhode Island,RI,US President,"Clinton, Hillary",democrat,252525,464144,0.544066066,1
2017,Rhode Island,RI,US President,"Clinton, Hillary",democrat,252525,464144,0.544066066,1
2018,Rhode Island,RI,US President,"Clinton, Hillary",democrat,252525,464144,0.544066066,1
2001,South Carolina,SC,US President,"Gore, Al",democrat,566037,1383902,0.409015234,0
2002,South Carolina,SC,US President,"Gore, Al",democrat,566037,1383902,0.409015234,0
2003,South Carolina,SC,US President,"Gore, Al",democrat,566037,1383902,0.409015234,0
2004,South Carolina,SC,US President,"Kerry, John",democrat,661669,1617700,0.409018359,0
2005,South Carolina,SC,US President,"Kerry, John",democrat,661669,1617700,0.409018359,0
2006,South Carolina,SC,US President,"Kerry, John",democrat,661669,1617700,0.409018359,0
2007,South Carolina,SC,US President,"Kerry, John",democrat,661669,1617700,0.409018359,0
2008,South Carolina,SC,US President,"Obama, Barack H.",democrat,862449,1920969,0.4489656,0
2009,South Carolina,SC,US President,"Obama, Barack H.",democrat,862449,1920969,0.4489656,0
2010,South Carolina,SC,US President,"Obama, Barack H.",democrat,862449,1920969,0.4489656,0
2011,South Carolina,SC,US President,"Obama, Barack H.",democrat,862449,1920969,0.4489656,0
2012,South Carolina,SC,US President,"Obama, Barack H.",democrat,865941,1964118,0.440880334,0
2013,South Carolina,SC,US President,"Obama, Barack H.",democrat,865941,1964118,0.440880334,0
2014,South Carolina,SC,US President,"Obama, Barack H.",democrat,865941,1964118,0.440880334,0
2015,South Carolina,SC,US President,"Obama, Barack H.",democrat,865941,1964118,0.440880334,0
2016,South Carolina,SC,US President,"Clinton, Hillary",democrat,855373,2103027,0.406734198,0
2017,South Carolina,SC,US President,"Clinton, Hillary",democrat,855373,2103027,0.406734198,0
2018,South Carolina,SC,US President,"Clinton, Hillary",democrat,855373,2103027,0.406734198,0
2001,South Dakota,SD,US President,"Gore, Al",democrat,118804,316269,0.375642254,0
2002,South Dakota,SD,US President,"Gore, Al",democrat,118804,316269,0.375642254,0
2003,South Dakota,SD,US President,"Gore, Al",democrat,118804,316269,0.375642254,0
2004,South Dakota,SD,US President,"Kerry, John",democrat,149244,388215,0.384436459,0
2005,South Dakota,SD,US President,"Kerry, John",democrat,149244,388215,0.384436459,0
2006,South Dakota,SD,US President,"Kerry, John",democrat,149244,388215,0.384436459,0
2007,South Dakota,SD,US President,"Kerry, John",democrat,149244,388215,0.384436459,0
2008,South Dakota,SD,US President,"Obama, Barack H.",democrat,170924,381975,0.447474311,0
2009,South Dakota,SD,US President,"Obama, Barack H.",democrat,170924,381975,0.447474311,0
2010,South Dakota,SD,US President,"Obama, Barack H.",democrat,170924,381975,0.447474311,0
2011,South Dakota,SD,US President,"Obama, Barack H.",democrat,170924,381975,0.447474311,0
2012,South Dakota,SD,US President,"Obama, Barack H.",democrat,145039,363815,0.398661408,0
2013,South Dakota,SD,US President,"Obama, Barack H.",democrat,145039,363815,0.398661408,0
2014,South Dakota,SD,US President,"Obama, Barack H.",democrat,145039,363815,0.398661408,0
2015,South Dakota,SD,US President,"Obama, Barack H.",democrat,145039,363815,0.398661408,0
2016,South Dakota,SD,US President,"Clinton, Hillary",democrat,117458,370093,0.317374282,0
2017,South Dakota,SD,US President,"Clinton, Hillary",democrat,117458,370093,0.317374282,0
2018,South Dakota,SD,US President,"Clinton, Hillary",democrat,117458,370093,0.317374282,0
2001,Tennessee,TN,US President,"Gore, Al",democrat,981720,2076181,0.472848947,0
2002,Tennessee,TN,US President,"Gore, Al",democrat,981720,2076181,0.472848947,0
2003,Tennessee,TN,US President,"Gore, Al",democrat,981720,2076181,0.472848947,0
2004,Tennessee,TN,US President,"Kerry, John",democrat,1036477,2437319,0.425252911,0
2005,Tennessee,TN,US President,"Kerry, John",democrat,1036477,2437319,0.425252911,0
2006,Tennessee,TN,US President,"Kerry, John",democrat,1036477,2437319,0.425252911,0
2007,Tennessee,TN,US President,"Kerry, John",democrat,1036477,2437319,0.425252911,0
2008,Tennessee,TN,US President,"Obama, Barack H.",democrat,1087437,2599749,0.418285381,0
2009,Tennessee,TN,US President,"Obama, Barack H.",democrat,1087437,2599749,0.418285381,0
2010,Tennessee,TN,US President,"Obama, Barack H.",democrat,1087437,2599749,0.418285381,0
2011,Tennessee,TN,US President,"Obama, Barack H.",democrat,1087437,2599749,0.418285381,0
2012,Tennessee,TN,US President,"Obama, Barack H.",democrat,960709,2458577,0.39075815,0
2013,Tennessee,TN,US President,"Obama, Barack H.",democrat,960709,2458577,0.39075815,0
2014,Tennessee,TN,US President,"Obama, Barack H.",democrat,960709,2458577,0.39075815,0
2015,Tennessee,TN,US President,"Obama, Barack H.",democrat,960709,2458577,0.39075815,0
2016,Tennessee,TN,US President,"Clinton, Hillary",democrat,870695,2508027,0.347163328,0
2017,Tennessee,TN,US President,"Clinton, Hillary",democrat,870695,2508027,0.347163328,0
2018,Tennessee,TN,US President,"Clinton, Hillary",democrat,870695,2508027,0.347163328,0
2001,Texas,TX,US President,"Gore, Al",democrat,2433746,6407637,0.379819581,0
2002,Texas,TX,US President,"Gore, Al",democrat,2433746,6407637,0.379819581,0
2003,Texas,TX,US President,"Gore, Al",democrat,2433746,6407637,0.379819581,0
2004,Texas,TX,US President,"Kerry, John",democrat,2832704,7410749,0.382242605,0
2005,Texas,TX,US President,"Kerry, John",democrat,2832704,7410749,0.382242605,0
2006,Texas,TX,US President,"Kerry, John",democrat,2832704,7410749,0.382242605,0
2007,Texas,TX,US President,"Kerry, John",democrat,2832704,7410749,0.382242605,0
2008,Texas,TX,US President,"Obama, Barack H.",democrat,3528633,8077795,0.436831214,0
2009,Texas,TX,US President,"Obama, Barack H.",democrat,3528633,8077795,0.436831214,0
2010,Texas,TX,US President,"Obama, Barack H.",democrat,3528633,8077795,0.436831214,0
2011,Texas,TX,US President,"Obama, Barack H.",democrat,3528633,8077795,0.436831214,0
2012,Texas,TX,US President,"Obama, Barack H.",democrat,3308124,7993851,0.413833583,0
2013,Texas,TX,US President,"Obama, Barack H.",democrat,3308124,7993851,0.413833583,0
2014,Texas,TX,US President,"Obama, Barack H.",democrat,3308124,7993851,0.413833583,0
2015,Texas,TX,US President,"Obama, Barack H.",democrat,3308124,7993851,0.413833583,0
2016,Texas,TX,US President,"Clinton, Hillary",democrat,3877868,8969226,0.43235258,0
2017,Texas,TX,US President,"Clinton, Hillary",democrat,3877868,8969226,0.43235258,0
2018,Texas,TX,US President,"Clinton, Hillary",democrat,3877868,8969226,0.43235258,0
2001,Utah,UT,US President,"Gore, Al",democrat,203053,770754,0.263447222,0
2002,Utah,UT,US President,"Gore, Al",democrat,203053,770754,0.263447222,0
2003,Utah,UT,US President,"Gore, Al",democrat,203053,770754,0.263447222,0
2004,Utah,UT,US President,"Kerry, John",democrat,241199,927844,0.259956415,0
2005,Utah,UT,US President,"Kerry, John",democrat,241199,927844,0.259956415,0
2006,Utah,UT,US President,"Kerry, John",democrat,241199,927844,0.259956415,0
2007,Utah,UT,US President,"Kerry, John",democrat,241199,927844,0.259956415,0
2008,Utah,UT,US President,"Obama, Barack H.",democrat,327670,952370,0.344057457,0
2009,Utah,UT,US President,"Obama, Barack H.",democrat,327670,952370,0.344057457,0
2010,Utah,UT,US President,"Obama, Barack H.",democrat,327670,952370,0.344057457,0
2011,Utah,UT,US President,"Obama, Barack H.",democrat,327670,952370,0.344057457,0
2012,Utah,UT,US President,"Obama, Barack H.",democrat,251813,1017440,0.247496658,0
2013,Utah,UT,US President,"Obama, Barack H.",democrat,251813,1017440,0.247496658,0
2014,Utah,UT,US President,"Obama, Barack H.",democrat,251813,1017440,0.247496658,0
2015,Utah,UT,US President,"Obama, Barack H.",democrat,251813,1017440,0.247496658,0
2016,Utah,UT,US President,"Clinton, Hillary",democrat,310674,1131317,0.274612686,0
2017,Utah,UT,US President,"Clinton, Hillary",democrat,310674,1131317,0.274612686,0
2018,Utah,UT,US President,"Clinton, Hillary",democrat,310674,1131317,0.274612686,0
2001,Vermont,VT,US President,"Gore, Al",democrat,149022,294308,0.506347092,0
2002,Vermont,VT,US President,"Gore, Al",democrat,149022,294308,0.506347092,0
2003,Vermont,VT,US President,"Gore, Al",democrat,149022,294308,0.506347092,0
2004,Vermont,VT,US President,"Kerry, John",democrat,184067,312309,0.589374626,0
2005,Vermont,VT,US President,"Kerry, John",democrat,184067,312309,0.589374626,0
2006,Vermont,VT,US President,"Kerry, John",democrat,184067,312309,0.589374626,0
2007,Vermont,VT,US President,"Kerry, John",democrat,184067,312309,0.589374626,0
2008,Vermont,VT,US President,"Obama, Barack H.",democrat,219262,325046,0.674556832,0
2009,Vermont,VT,US President,"Obama, Barack H.",democrat,219262,325046,0.674556832,0
2010,Vermont,VT,US President,"Obama, Barack H.",democrat,219262,325046,0.674556832,0
2011,Vermont,VT,US President,"Obama, Barack H.",democrat,219262,325046,0.674556832,0
2012,Vermont,VT,US President,"Obama, Barack H.",democrat,199239,299290,0.665705503,0
2013,Vermont,VT,US President,"Obama, Barack H.",democrat,199239,299290,0.665705503,0
2014,Vermont,VT,US President,"Obama, Barack H.",democrat,199239,299290,0.665705503,1
2015,Vermont,VT,US President,"Obama, Barack H.",democrat,199239,299290,0.665705503,1
2016,Vermont,VT,US President,"Clinton, Hillary",democrat,178573,320467,0.557227421,1
2017,Vermont,VT,US President,"Clinton, Hillary",democrat,178573,320467,0.557227421,1
2018,Vermont,VT,US President,"Clinton, Hillary",democrat,178573,320467,0.557227421,1
2001,Virginia,VA,US President,"Gore, Al",democrat,1217290,2739447,0.444356105,0
2002,Virginia,VA,US President,"Gore, Al",democrat,1217290,2739447,0.444356105,0
2003,Virginia,VA,US President,"Gore, Al",democrat,1217290,2739447,0.444356105,0
2004,Virginia,VA,US President,"Kerry, John",democrat,1454742,3195415,0.455259176,0
2005,Virginia,VA,US President,"Kerry, John",democrat,1454742,3195415,0.455259176,0
2006,Virginia,VA,US President,"Kerry, John",democrat,1454742,3195415,0.455259176,0
2007,Virginia,VA,US President,"Kerry, John",democrat,1454742,3195415,0.455259176,0
2008,Virginia,VA,US President,"Obama, Barack H.",democrat,1959532,3723260,0.526294699,0
2009,Virginia,VA,US President,"Obama, Barack H.",democrat,1959532,3723260,0.526294699,0
2010,Virginia,VA,US President,"Obama, Barack H.",democrat,1959532,3723260,0.526294699,0
2011,Virginia,VA,US President,"Obama, Barack H.",democrat,1959532,3723260,0.526294699,0
2012,Virginia,VA,US President,"Obama, Barack H.",democrat,1971820,3854489,0.511564568,0
2013,Virginia,VA,US President,"Obama, Barack H.",democrat,1971820,3854489,0.511564568,0
2014,Virginia,VA,US President,"Obama, Barack H.",democrat,1971820,3854489,0.511564568,0
2015,Virginia,VA,US President,"Obama, Barack H.",democrat,1971820,3854489,0.511564568,0
2016,Virginia,VA,US President,"Clinton, Hillary",democrat,1981473,3982752,0.497513528,0
2017,Virginia,VA,US President,"Clinton, Hillary",democrat,1981473,3982752,0.497513528,0
2018,Virginia,VA,US President,"Clinton, Hillary",democrat,1981473,3982752,0.497513528,0
2001,Washington,WA,US President,"Gore, Al",democrat,1247652,2487433,0.501582153,0
2002,Washington,WA,US President,"Gore, Al",democrat,1247652,2487433,0.501582153,0
2003,Washington,WA,US President,"Gore, Al",democrat,1247652,2487433,0.501582153,0
2004,Washington,WA,US President,"Kerry, John",democrat,1510201,2859084,0.528211483,0
2005,Washington,WA,US President,"Kerry, John",democrat,1510201,2859084,0.528211483,0
2006,Washington,WA,US President,"Kerry, John",democrat,1510201,2859084,0.528211483,0
2007,Washington,WA,US President,"Kerry, John",democrat,1510201,2859084,0.528211483,0
2008,Washington,WA,US President,"Obama, Barack H.",democrat,1750848,3036878,0.576528922,0
2009,Washington,WA,US President,"Obama, Barack H.",democrat,1750848,3036878,0.576528922,0
2010,Washington,WA,US President,"Obama, Barack H.",democrat,1750848,3036878,0.576528922,0
2011,Washington,WA,US President,"Obama, Barack H.",democrat,1750848,3036878,0.576528922,0
2012,Washington,WA,US President,"Obama, Barack H.",democrat,1755396,3125516,0.561633983,0
2013,Washington,WA,US President,"Obama, Barack H.",democrat,1755396,3125516,0.561633983,0
2014,Washington,WA,US President,"Obama, Barack H.",democrat,1755396,3125516,0.561633983,1
2015,Washington,WA,US President,"Obama, Barack H.",democrat,1755396,3125516,0.561633983,1
2016,Washington,WA,US President,"Clinton, Hillary",democrat,1742718,3317019,0.525386801,1
2017,Washington,WA,US President,"Clinton, Hillary",democrat,1742718,3317019,0.525386801,1
2018,Washington,WA,US President,"Clinton, Hillary",democrat,1742718,3317019,0.525386801,1
2001,West Virginia,WV,US President,"Gore, Al",democrat,295497,648124,0.455926644,0
2002,West Virginia,WV,US President,"Gore, Al",democrat,295497,648124,0.455926644,0
2003,West Virginia,WV,US President,"Gore, Al",democrat,295497,648124,0.455926644,0
2004,West Virginia,WV,US President,"Kerry, John",democrat,326541,755792,0.432051411,0
2005,West Virginia,WV,US President,"Kerry, John",democrat,326541,755792,0.432051411,0
2006,West Virginia,WV,US President,"Kerry, John",democrat,326541,755792,0.432051411,0
2007,West Virginia,WV,US President,"Kerry, John",democrat,326541,755792,0.432051411,0
2008,West Virginia,WV,US President,"Obama, Barack H.",democrat,303857,713451,0.425897504,0
2009,West Virginia,WV,US President,"Obama, Barack H.",democrat,303857,713451,0.425897504,0
2010,West Virginia,WV,US President,"Obama, Barack H.",democrat,303857,713451,0.425897504,0
2011,West Virginia,WV,US President,"Obama, Barack H.",democrat,303857,713451,0.425897504,0
2012,West Virginia,WV,US President,"Obama, Barack H.",democrat,238269,670438,0.355393042,0
2013,West Virginia,WV,US President,"Obama, Barack H.",democrat,238269,670438,0.355393042,0
2014,West Virginia,WV,US President,"Obama, Barack H.",democrat,238269,670438,0.355393042,1
2015,West Virginia,WV,US President,"Obama, Barack H.",democrat,238269,670438,0.355393042,1
2016,West Virginia,WV,US President,"Clinton, Hillary",democrat,188794,713051,0.26476928,1
2017,West Virginia,WV,US President,"Clinton, Hillary",democrat,188794,713051,0.26476928,1
2018,West Virginia,WV,US President,"Clinton, Hillary",democrat,188794,713051,0.26476928,1
2001,Wisconsin,WI,US President,"Gore, Al",democrat,1242987,2598607,0.478328197,0
2002,Wisconsin,WI,US President,"Gore, Al",democrat,1242987,2598607,0.478328197,0
2003,Wisconsin,WI,US President,"Gore, Al",democrat,1242987,2598607,0.478328197,0
2004,Wisconsin,WI,US President,"Kerry, John",democrat,1489504,2997007,0.496997171,0
2005,Wisconsin,WI,US President,"Kerry, John",democrat,1489504,2997007,0.496997171,0
2006,Wisconsin,WI,US President,"Kerry, John",democrat,1489504,2997007,0.496997171,0
2007,Wisconsin,WI,US President,"Kerry, John",democrat,1489504,2997007,0.496997171,0
2008,Wisconsin,WI,US President,"Obama, Barack H.",democrat,1677211,2983417,0.562177865,0
2009,Wisconsin,WI,US President,"Obama, Barack H.",democrat,1677211,2983417,0.562177865,0
2010,Wisconsin,WI,US President,"Obama, Barack H.",democrat,1677211,2983417,0.562177865,0
2011,Wisconsin,WI,US President,"Obama, Barack H.",democrat,1677211,2983417,0.562177865,0
2012,Wisconsin,WI,US President,"Obama, Barack H.",democrat,1620985,3071434,0.527761625,0
2013,Wisconsin,WI,US President,"Obama, Barack H.",democrat,1620985,3071434,0.527761625,0
2014,Wisconsin,WI,US President,"Obama, Barack H.",democrat,1620985,3071434,0.527761625,0
2015,Wisconsin,WI,US President,"Obama, Barack H.",democrat,1620985,3071434,0.527761625,0
2016,Wisconsin,WI,US President,"Clinton, Hillary",democrat,1382536,2976150,0.464538414,0
2017,Wisconsin,WI,US President,"Clinton, Hillary",democrat,1382536,2976150,0.464538414,0
2018,Wisconsin,WI,US President,"Clinton, Hillary",democrat,1382536,2976150,0.464538414,0
2001,Wyoming,WY,US President,"Gore, Al",democrat,60481,213726,0.28298382,0
2002,Wyoming,WY,US President,"Gore, Al",democrat,60481,213726,0.28298382,0
2003,Wyoming,WY,US President,"Gore, Al",democrat,60481,213726,0.28298382,0
2004,Wyoming,WY,US President,"Kerry, John",democrat,70776,243861,0.29023091,0
2005,Wyoming,WY,US President,"Kerry, John",democrat,70776,243861,0.29023091,0
2006,Wyoming,WY,US President,"Kerry, John",democrat,70776,243861,0.29023091,0
2007,Wyoming,WY,US President,"Kerry, John",democrat,70776,243861,0.29023091,0
2008,Wyoming,WY,US President,"Obama, Barack H.",democrat,82868,254904,0.325094938,0
2009,Wyoming,WY,US President,"Obama, Barack H.",democrat,82868,254904,0.325094938,0
2010,Wyoming,WY,US President,"Obama, Barack H.",democrat,82868,254904,0.325094938,0
2011,Wyoming,WY,US President,"Obama, Barack H.",democrat,82868,254904,0.325094938,0
2012,Wyoming,WY,US President,"Obama, Barack H.",democrat,69286,250701,0.276369061,0
2013,Wyoming,WY,US President,"Obama, Barack H.",democrat,69286,250701,0.276369061,0
2014,Wyoming,WY,US President,"Obama, Barack H.",democrat,69286,250701,0.276369061,0
2015,Wyoming,WY,US President,"Obama, Barack H.",democrat,69286,250701,0.276369061,0
2016,Wyoming,WY,US President,"Clinton, Hillary",democrat,55973,258788,0.216289009,0
2017,Wyoming,WY,US President,"Clinton, Hillary",democrat,55973,258788,0.216289009,0
2018,Wyoming,WY,US President,"Clinton, Hillary",democrat,55973,258788,0.216289009,0
